<?xml version="2.0" encoding="UTF-8" standalone="yes"?>
<addon id="plugin.video.vagalumefm"
       name="Vagalume FM"
       version="1.0"
       provider-name="Kractos Team">
  <requires>
    <import addon="xbmc.python" version="2.1.0"/>
	<import addon="script.module.t0mm0.common" version="2.0.0"/>
    <import addon="script.module.beautifulsoup" version="3.2.1"/>
    <import addon="script.module.simple.downloader" version="0.9.4"/>
    <import addon="script.module.beautifulsoup4"/>
    <import addon="script.module.simple.downloader" version="0.9.4"/>
    <import addon="script.module.requests" />
    <import addon="script.module.httplib2" />
    <import addon="script.module.youtube.dl" optional="true"/>
    <import addon="plugin.video.youtube" version="3.0.0"/>
    <import addon="script.module.urlresolver"/>
    <import addon="script.module.simplejson" /> 
    <import addon="script.common.plugin.cache" version="2.5.2"/>
    <import addon="script.module.metahandler" version="2.5.1"/>
	<import addon="script.module.livestreamer" optional="true"/>
	
   </requires>
  <extension point="xbmc.python.pluginsource" library="default.py">
    <provides>audio</provides>
  </extension>
  <extension point="xbmc.addon.metadata">
  <news>
Add-on Retirado do Canal TONY WARLLEY TUTORIAIS, não baixe Add-ons que não sejam Oficial, Add-ons Oficiais somente no CANAL TONY WARLLEY TUTORIAIS.
        </news>
    <summary lang="en">Vagalume Fm</summary>
    <description lang="pt-br">Ouça vossas Radios Favoritas Atraves desse Addon</description>
	<description lang="en">Listen your favorites radios this Addon</description>
	<platform>all</platform>
  </extension>
</addon>
