<?xml version="1.0" encoding="UTF-8" standalone="yes"?>
<addon id="KallPlay.repository" name="[B][COLOR gold]Repositorio[/COLOR]: [COLOR deepskyblue]Kall[/COLOR] [COLOR GhostWhite]PLAY[/COLOR][/B] " version="0.3.1" provider-name="kallysderock">
	<extension point="xbmc.addon.repository" name="KallPlay.repository">
		<info compressed="false">https://raw.githubusercontent.com/kallysderock/Repositorio-Kall-Play/master/addons.xml</info>
		<checksum>https://raw.githubusercontent.com/kallysderock/Repositorio-Kall-Play/master/addons.xml.md5</checksum>
		<datadir zip="true">https://raw.github.com/kallysderock/Repositorio-Kall-Play/master/Plugins</datadir>
	</extension>
	<extension point="xbmc.addon.metadata">
		<summary>Repositorio Oficial KallPlay IPTV</summary>
		<description>Repositorio Oficial KallPlay IPTV - Proibido reproducao //Grupo Facebook KallPlay IPTV https://www.facebook.com/groups/KallPlay/</description>
		<platform>all</platform>
	</extension>
</addon>